GUID,GEOGID,GEOGDESC,Reference Geography,LEA_GUID,LEA,LEA_ID,LEA_OFFICIAL,LA_GUID,LOCAL_AUTHORITY,LA_CODE,COUNTY,CONTAE,PROVINCE,NUTS3,NUTS3_NAME,NUTS2,NUTS2_NAME,NUTS1,NUTS1_NAME,Population
2ae19629-3f26-13a3-e055-000000000001,13190402,ATHLONE,CSO LEA-2022,2ae19629-3f26-13a3-e055-000000000001,ATHLONE,13190402,Y,2ae19629-1497-13a3-e055-000000000001,ROSCOMMON COUNTY COUNCIL,RN,ROSCOMMON,Ros Comáin,Connacht,IE042,West,IE04,Northern and Western,IE0,Ireland,21130
2ae19629-3f6a-13a3-e055-000000000001,1360422,GALWAY CITY EAST,CSO LEA-2022,2ae19629-3f6a-13a3-e055-000000000001,GALWAY CITY EAST,1360422,Y,2ae19629-1435-13a3-e055-000000000001,GALWAY CITY COUNCIL,GC,GALWAY,Gaillimh,Connacht,IE042,West,IE04,Northern and Western,IE0,Ireland,28091
2ae19629-3ef4-13a3-e055-000012000001,1340414,CORK CITY SOUTH WEST,CSO LEA-2022,2ae19629-3ef4-13a3-e055-000012000001,CORK CITY SOUTH WEST,1340414,Y,2ae19629-1434-13a3-e055-000000000001,CORK CITY COUNCIL,CC,CORK,Corcaigh,Munster,IE053,South-West,IE05,Southern,IE0,Ireland,51063
2ae19629-3f5c-13a3-e055-000000000001,13260426,NORTH INNER CITY,CSO LEA-2022,2ae19629-3f5c-13a3-e055-000000000001,NORTH INNER CITY,13260426,Y,2ae19629-1433-13a3-e055-000000000001,DUBLIN CITY COUNCIL,DC,DUBLIN,Baile Átha Cliath,Leinster,IE061,Dublin,IE06,Eastern and Midland,IE0,Ireland,74708
3a625b75-d7a9-467e-be55-18381818d65b,13260403,CASTLEKNOCK,CSO LEA-2022,3a625b75-d7a9-467e-be55-18381818d65b,CASTLEKNOCK,13260403,N,2ae19629-14a0-13a3-e055-000000000001,FINGAL COUNTY COUNCIL,FL,DUBLIN,Baile Átha Cliath,Leinster,IE061,Dublin,IE06,Eastern and Midland,IE0,Ireland,47149
2ae19629-3efc-13a3-e055-000000000001,13260405,STILLORGAN,CSO LEA-2022,2ae19629-3efc-13a3-e055-000000000001,STILLORGAN,13260405,Y,2ae19629-149f-13a3-e055-000000000001,DUN LAOGHAIRE-RATHDOWN COUNTY COUNCIL,DR,DUBLIN,Baile Átha Cliath,Leinster,IE061,Dublin,IE06,Eastern and Midland,IE0,Ireland,33196
2ae19629-3f35-13a3-e055-000000000001,13220422,WATERFORD CITY EAST,CSO LEA-2022,2ae19629-3f35-13a3-e055-000000000001,WATERFORD CITY EAST,13220422,Y,2ae19629-149a-13a3-e055-000000000001,WATERFORD CITY AND COUNTY COUNCIL,WD,WATERFORD,Port Láirge,Munster,IE052,South-East,IE05,Southern,IE0,Ireland,24397
2ae19629-3ef4-13a3-e055-997550000001,13140404,DROGHEDA URBAN,CSO LEA-2022,2ae19629-3ef4-13a3-e055-997550000001,DROGHEDA URBAN,13140404,Y,2ae19629-1491-13a3-e055-000000000001,LOUTH COUNTY COUNCIL,LH,LOUTH,Lú,Leinster,IE062,Mid-East,IE06,Eastern and Midland,IE0,Ireland,28537
2ae19629-3ef6-13a3-e055-000000000001,13250404,ARKLOW,CSO LEA-2022,2ae19629-3ef6-13a3-e055-000000000001,ARKLOW,13250404,Y,2ae19629-149e-13a3-e055-000000000001,WICKLOW COUNTY COUNCIL,WW,WICKLOW,Cill Mhantáin,Leinster,IE062,Mid-East,IE06,Eastern and Midland,IE0,Ireland,27866
2ae19629-3f42-13a3-e055-000000000001,1340407,SKIBBEREEN-WEST CORK,CSO LEA-2022,2ae19629-3f42-13a3-e055-000000000001,SKIBBEREEN-WEST CORK,1340407,Y,2ae19629-14a3-13a3-e055-000000000001,CORK COUNTY COUNCIL,CK,CORK,Corcaigh,Munster,IE053,South-West,IE05,Southern,IE0,Ireland,32971
2ae19629-3f08-13a3-e055-000000000001,13120401,ADARE-RATHKEALE,CSO LEA-2022,2ae19629-3f08-13a3-e055-000000000001,ADARE-RATHKEALE,13120401,Y,2ae19629-148f-13a3-e055-000000000001,LIMERICK CITY AND COUNTY COUNCIL,LK,LIMERICK,Luimneach,Munster,IE051,Mid-West,IE05,Southern,IE0,Ireland,29311
2ae19629-3f5d-13a3-e055-000000000001,13260427,CLONTARF,CSO LEA-2022,2ae19629-3f5d-13a3-e055-000000000001,CLONTARF,13260427,Y,2ae19629-1433-13a3-e055-000000000001,DUBLIN CITY COUNCIL,DC,DUBLIN,Baile Átha Cliath,Leinster,IE061,Dublin,IE06,Eastern and Midland,IE0,Ireland,56957
2ae19629-3f37-13a3-e055-000000000001,13230401,MOATE,CSO LEA-2022,2ae19629-3f37-13a3-e055-000000000001,MOATE,13230401,Y,2ae19629-149b-13a3-e055-000000000001,WESTMEATH COUNTY COUNCIL,WH,WESTMEATH,An Iarmhí,Leinster,IE063,Midlands,IE06,Eastern and Midland,IE0,Ireland,20385
2ae19629-3ef4-13a3-e055-000000044001,1330404,KILRUSH,CSO LEA-2022,2ae19629-3ef4-13a3-e055-000000044001,KILRUSH,1330404,Y,2ae19629-14a2-13a3-e055-000000000001,CLARE COUNTY COUNCIL,CE,CLARE,An Clár,Munster,IE051,Mid-West,IE05,Southern,IE0,Ireland,22289
2ae19629-3f0a-13a3-e055-000000000001,13120420,LIMERICK CITY WEST,CSO LEA-2022,2ae19629-3f0a-13a3-e055-000000000001,LIMERICK CITY WEST,13120420,Y,2ae19629-148f-13a3-e055-000000000001,LIMERICK CITY AND COUNTY COUNCIL,LK,LIMERICK,Luimneach,Munster,IE051,Mid-West,IE05,Southern,IE0,Ireland,38654
95e98599-40d4-4e66-941c-9800a149ea92,13260413,RATHFARNHAM-TEMPLEOGUE,CSO LEA-2022,95e98599-40d4-4e66-941c-9800a149ea92,RATHFARNHAM-TEMPLEOGUE,13260413,N,2ae19629-14a1-13a3-e055-000000000001,SOUTH DUBLIN COUNTY COUNCIL,SD,DUBLIN,Baile Átha Cliath,Leinster,IE061,Dublin,IE06,Eastern and Midland,IE0,Ireland,52805
2ae19629-3ef4-13a3-e055-777770000001,1380407,NEWBRIDGE,CSO LEA-2022,2ae19629-3ef4-13a3-e055-777770000001,NEWBRIDGE,1380407,Y,2ae19629-14a7-13a3-e055-000000000001,KILDARE COUNTY COUNCIL,KE,KILDARE,Cill Dara,Leinster,IE062,Mid-East,IE06,Eastern and Midland,IE0,Ireland,37478
2ae19629-3f58-13a3-e055-000000000001,13260422,BALLYFERMOT-DRIMNAGH,CSO LEA-2022,2ae19629-3f58-13a3-e055-000000000001,BALLYFERMOT-DRIMNAGH,13260422,Y,2ae19629-1433-13a3-e055-000000000001,DUBLIN CITY COUNCIL,DC,DUBLIN,Baile Átha Cliath,Leinster,IE061,Dublin,IE06,Eastern and Midland,IE0,Ireland,48563
2ae19629-3ef4-13a3-e055-000005400001,13210407,CAHIR,CSO LEA-2022,2ae19629-3ef4-13a3-e055-000005400001,CAHIR,13210407,Y,2ae19629-1499-13a3-e055-000000000001,TIPPERARY COUNTY COUNCIL,TY,TIPPERARY,Tiobraid Árann,Munster,IE051,Mid-West,IE05,Southern,IE0,Ireland,15387
2ae19629-3f12-13a3-e055-000000000001,13140402,ARDEE,CSO LEA-2022,2ae19629-3f12-13a3-e055-000000000001,ARDEE,13140402,Y,2ae19629-1491-13a3-e055-000000000001,LOUTH COUNTY COUNCIL,LH,LOUTH,Lú,Leinster,IE062,Mid-East,IE06,Eastern and Midland,IE0,Ireland,27034
d65ef6e7-75e6-49d9-bda9-d4690e8f68dc,13260408,KILLINEY-SHANKILL,CSO LEA-2022,d65ef6e7-75e6-49d9-bda9-d4690e8f68dc,KILLINEY-SHANKILL,13260408,N,2ae19629-149f-13a3-e055-000000000001,DUN LAOGHAIRE-RATHDOWN COUNTY COUNCIL,DR,DUBLIN,Baile Átha Cliath,Leinster,IE061,Dublin,IE06,Eastern and Midland,IE0,Ireland,39352
2ae19629-3f29-13a3-e055-000000000001,1320400,CAVAN-BELTURBET,CSO LEA-2022,2ae19629-3f29-13a3-e055-000000000001,CAVAN-BELTURBET,1320400,Y,2ae19629-149d-13a3-e055-000000000001,CAVAN COUNTY COUNCIL,CN,CAVAN,An Cabhán,Ulster,IE041,Border,IE04,Northern and Western,IE0,Ireland,27515
72e71ecb-c6e3-47ee-a0de-ccbb51d918c5,13260407,GLENCULLEN-SANDYFORD,CSO LEA-2022,72e71ecb-c6e3-47ee-a0de-ccbb51d918c5,GLENCULLEN-SANDYFORD,13260407,N,2ae19629-149f-13a3-e055-000000000001,DUN LAOGHAIRE-RATHDOWN COUNTY COUNCIL,DR,DUBLIN,Baile Átha Cliath,Leinster,IE061,Dublin,IE06,Eastern and Midland,IE0,Ireland,48568
2ae19629-3f0f-13a3-e055-000000000001,13130402,LONGFORD,CSO LEA-2022,2ae19629-3f0f-13a3-e055-000000000001,LONGFORD,13130402,Y,2ae19629-1490-13a3-e055-000000000001,LONGFORD COUNTY COUNCIL,LD,LONGFORD,An Longfort,Leinster,IE063,Midlands,IE06,Eastern and Midland,IE0,Ireland,17329
2ae19629-3ef4-13a3-e055-900000000111,13230403,MULLINGAR,CSO LEA-2022,2ae19629-3ef4-13a3-e055-900000000111,MULLINGAR,13230403,Y,2ae19629-149b-13a3-e055-000000000001,WESTMEATH COUNTY COUNCIL,WH,WESTMEATH,An Iarmhí,Leinster,IE063,Midlands,IE06,Eastern and Midland,IE0,Ireland,28160
2ae19629-3f2b-13a3-e055-000000000001,1320402,BALLYJAMESDUFF,CSO LEA-2022,2ae19629-3f2b-13a3-e055-000000000001,BALLYJAMESDUFF,1320402,Y,2ae19629-149d-13a3-e055-000000000001,CAVAN COUNTY COUNCIL,CN,CAVAN,An Cabhán,Ulster,IE041,Border,IE04,Northern and Western,IE0,Ireland,27980
4da0bce9-d4bd-47ec-bdd9-506dbfc65774,13140400,DUNDALK-CARLINGFORD,CSO LEA-2022,4da0bce9-d4bd-47ec-bdd9-506dbfc65774,DUNDALK-CARLINGFORD,13140400,N,2ae19629-1491-13a3-e055-000000000001,LOUTH COUNTY COUNCIL,LH,LOUTH,Lú,Leinster,IE062,Mid-East,IE06,Eastern and Midland,IE0,Ireland,26092
2ae19629-3f4c-13a3-e055-000000000001,1360404,ATHENRY-ORANMORE,CSO LEA-2022,2ae19629-3f4c-13a3-e055-000000000001,ATHENRY-ORANMORE,1360404,Y,2ae19629-14a5-13a3-e055-000000000001,GALWAY COUNTY COUNCIL,GY,GALWAY,Gaillimh,Connacht,IE042,West,IE04,Northern and Western,IE0,Ireland,35105
8fd7b64e-066f-4e6a-8564-5f59913eed0f,13260430,SOUTH WEST INNER CITY,CSO LEA-2022,8fd7b64e-066f-4e6a-8564-5f59913eed0f,SOUTH WEST INNER CITY,13260430,N,2ae19629-1433-13a3-e055-000000000001,DUBLIN CITY COUNCIL,DC,DUBLIN,Baile Átha Cliath,Leinster,IE061,Dublin,IE06,Eastern and Midland,IE0,Ireland,44853
2ae19629-3ef4-13a3-e055-999440000001,1340411,CORK CITY NORTH EAST,CSO LEA-2022,2ae19629-3ef4-13a3-e055-999440000001,CORK CITY NORTH EAST,1340411,Y,2ae19629-1434-13a3-e055-000000000001,CORK CITY COUNCIL,CC,CORK,Corcaigh,Munster,IE053,South-West,IE05,Southern,IE0,Ireland,44235
2ae19629-3f3a-13a3-e055-000000000001,13240401,KILMUCKRIDGE,CSO LEA-2022,2ae19629-3f3a-13a3-e055-000000000001,KILMUCKRIDGE,13240401,Y,2ae19629-149c-13a3-e055-000000000001,WEXFORD COUNTY COUNCIL,WX,WEXFORD,Loch Garman,Leinster,IE052,South-East,IE05,Southern,IE0,Ireland,18399
2ae19629-3f53-13a3-e055-000000000001,13260414,FIRHOUSE-BOHERNABREENA,CSO LEA-2022,2ae19629-3f53-13a3-e055-000000000001,FIRHOUSE-BOHERNABREENA,13260414,Y,2ae19629-14a1-13a3-e055-000000000001,SOUTH DUBLIN COUNTY COUNCIL,SD,DUBLIN,Baile Átha Cliath,Leinster,IE061,Dublin,IE06,Eastern and Midland,IE0,Ireland,37643
2ae19629-3f72-13a3-e055-000000000001,1380403,ATHY,CSO LEA-2022,2ae19629-3f72-13a3-e055-000000000001,ATHY,1380403,Y,2ae19629-14a7-13a3-e055-000000000001,KILDARE COUNTY COUNCIL,KE,KILDARE,Cill Dara,Leinster,IE062,Mid-East,IE06,Eastern and Midland,IE0,Ireland,28641
11110837-4c13-4ee9-be5c-57ddf0778774,13240404,WEXFORD,CSO LEA-2022,11110837-4c13-4ee9-be5c-57ddf0778774,WEXFORD,13240404,N,2ae19629-149c-13a3-e055-000000000001,WEXFORD COUNTY COUNCIL,WX,WEXFORD,Loch Garman,Leinster,IE052,South-East,IE05,Southern,IE0,Ireland,31547
2ae19629-3f0e-13a3-e055-000000000001,13130401,BALLYMAHON,CSO LEA-2022,2ae19629-3f0e-13a3-e055-000000000001,BALLYMAHON,13130401,Y,2ae19629-1490-13a3-e055-000000000001,LONGFORD COUNTY COUNCIL,LD,LONGFORD,An Longfort,Leinster,IE063,Midlands,IE06,Eastern and Midland,IE0,Ireland,17922
2ae19629-3f05-13a3-e055-000000000001,13110401,BALLINAMORE,CSO LEA-2022,2ae19629-3f05-13a3-e055-000000000001,BALLINAMORE,13110401,Y,2ae19629-148e-13a3-e055-000000000001,LEITRIM COUNTY COUNCIL,LM,LEITRIM,Liatroim,Connacht,IE041,Border,IE04,Northern and Western,IE0,Ireland,10879
2ae19629-3f2f-13a3-e055-000000000001,13210403,CLONMEL,CSO LEA-2022,2ae19629-3f2f-13a3-e055-000000000001,CLONMEL,13210403,Y,2ae19629-1499-13a3-e055-000000000001,TIPPERARY COUNTY COUNCIL,TY,TIPPERARY,Tiobraid Árann,Munster,IE051,Mid-West,IE05,Southern,IE0,Ireland,25003
2ae19629-3f2a-13a3-e055-000000000001,1320401,BAILIEBOROUGH-COOTEHILL,CSO LEA-2022,2ae19629-3f2a-13a3-e055-000000000001,BAILIEBOROUGH-COOTEHILL,1320401,Y,2ae19629-149d-13a3-e055-000000000001,CAVAN COUNTY COUNCIL,CN,CAVAN,An Cabhán,Ulster,IE041,Border,IE04,Northern and Western,IE0,Ireland,26209
2ae19629-3f65-13a3-e055-000000000001,1340402,MIDLETON,CSO LEA-2022,2ae19629-3f65-13a3-e055-000000000001,MIDLETON,1340402,Y,2ae19629-14a3-13a3-e055-000000000001,CORK COUNTY COUNCIL,CK,CORK,Corcaigh,Munster,IE053,South-West,IE05,Southern,IE0,Ireland,49539
2ae19629-3f30-13a3-e055-000000000001,13210404,CASHEL-TIPPERARY,CSO LEA-2022,2ae19629-3f30-13a3-e055-000000000001,CASHEL-TIPPERARY,13210404,Y,2ae19629-1499-13a3-e055-000000000001,TIPPERARY COUNTY COUNCIL,TY,TIPPERARY,Tiobraid Árann,Munster,IE051,Mid-West,IE05,Southern,IE0,Ireland,29145
2ae19629-3f63-13a3-e055-000000000001,1340400,KANTURK,CSO LEA-2022,2ae19629-3f63-13a3-e055-000000000001,KANTURK,1340400,Y,2ae19629-14a3-13a3-e055-000000000001,CORK COUNTY COUNCIL,CK,CORK,Corcaigh,Munster,IE053,South-West,IE05,Southern,IE0,Ireland,26577
2ae19629-3f2c-13a3-e055-000000000001,13210400,NENAGH,CSO LEA-2022,2ae19629-3f2c-13a3-e055-000000000001,NENAGH,13210400,Y,2ae19629-1499-13a3-e055-000000000001,TIPPERARY COUNTY COUNCIL,TY,TIPPERARY,Tiobraid Árann,Munster,IE051,Mid-West,IE05,Southern,IE0,Ireland,23354
2ae19629-3ef4-13a3-e055-000000000001,13250402,GREYSTONES,CSO LEA-2022,2ae19629-3ef4-13a3-e055-000000000001,GREYSTONES,13250402,Y,2ae19629-149e-13a3-e055-000000000001,WICKLOW COUNTY COUNCIL,WW,WICKLOW,Cill Mhantáin,Leinster,IE062,Mid-East,IE06,Eastern and Midland,IE0,Ireland,30479
afa89310-c490-44c8-aeb2-78856be08e9b,13260418,ONGAR,CSO LEA-2022,afa89310-c490-44c8-aeb2-78856be08e9b,ONGAR,13260418,N,2ae19629-14a0-13a3-e055-000000000001,FINGAL COUNTY COUNCIL,FL,DUBLIN,Baile Átha Cliath,Leinster,IE061,Dublin,IE06,Eastern and Midland,IE0,Ireland,43905
2ae19629-3f6e-13a3-e055-000000000001,1370403,KENMARE,CSO LEA-2022,2ae19629-3f6e-13a3-e055-000000000001,KENMARE,1370403,Y,2ae19629-14a6-13a3-e055-000000000001,KERRY COUNTY COUNCIL,KY,KERRY,Ciarraí,Munster,IE053,South-West,IE05,Southern,IE0,Ireland,27161
31e7c7c2-c64b-416e-8dcc-c3d78c9bc358,13260419,PALMERSTOWN-FONTHILL,CSO LEA-2022,31e7c7c2-c64b-416e-8dcc-c3d78c9bc358,PALMERSTOWN-FONTHILL,13260419,N,2ae19629-14a1-13a3-e055-000000000001,SOUTH DUBLIN COUNTY COUNCIL,SD,DUBLIN,Baile Átha Cliath,Leinster,IE061,Dublin,IE06,Eastern and Midland,IE0,Ireland,22142
2ae19629-3f36-13a3-e055-000000000001,13230400,ATHLONE,CSO LEA-2022,2ae19629-3f36-13a3-e055-000000000001,ATHLONE,13230400,Y,2ae19629-149b-13a3-e055-000000000001,WESTMEATH COUNTY COUNCIL,WH,WESTMEATH,An Iarmhí,Leinster,IE063,Midlands,IE06,Eastern and Midland,IE0,Ireland,24308
f499b78c-07d6-4e53-a140-b5463468f2c0,13260412,TALLAGHT CENTRAL,CSO LEA-2022,f499b78c-07d6-4e53-a140-b5463468f2c0,TALLAGHT CENTRAL,13260412,N,2ae19629-14a1-13a3-e055-000000000001,SOUTH DUBLIN COUNTY COUNCIL,SD,DUBLIN,Baile Átha Cliath,Leinster,IE061,Dublin,IE06,Eastern and Midland,IE0,Ireland,36178
2ae19629-3f1c-13a3-e055-000000000001,13160404,TRIM,CSO LEA-2022,2ae19629-3f1c-13a3-e055-000000000001,TRIM,13160404,Y,2ae19629-1494-13a3-e055-000000000001,MEATH COUNTY COUNCIL,MH,MEATH,An Mhí,Leinster,IE062,Mid-East,IE06,Eastern and Midland,IE0,Ireland,33455
2ae19629-3f13-13a3-e055-000000000001,13140403,DROGHEDA RURAL,CSO LEA-2022,2ae19629-3f13-13a3-e055-000000000001,DROGHEDA RURAL,13140403,Y,2ae19629-1491-13a3-e055-000000000001,LOUTH COUNTY COUNCIL,LH,LOUTH,Lú,Leinster,IE062,Mid-East,IE06,Eastern and Midland,IE0,Ireland,19845
2ae19629-3f17-13a3-e055-000000000001,13150403,BELMULLET,CSO LEA-2022,2ae19629-3f17-13a3-e055-000000000001,BELMULLET,13150403,Y,2ae19629-1493-13a3-e055-000000000001,MAYO COUNTY COUNCIL,MO,MAYO,Maigh Eo,Connacht,IE042,West,IE04,Northern and Western,IE0,Ireland,12683
2ae19629-3ef4-13a3-e055-000005200001,13260429,ARTANE-WHITEHALL,CSO LEA-2022,2ae19629-3ef4-13a3-e055-000005200001,ARTANE-WHITEHALL,13260429,Y,2ae19629-1433-13a3-e055-000000000001,DUBLIN CITY COUNCIL,DC,DUBLIN,Baile Átha Cliath,Leinster,IE061,Dublin,IE06,Eastern and Midland,IE0,Ireland,52137
347867a1-33d7-4a6d-9e5a-15b239c1bd86,13260406,DUNDRUM,CSO LEA-2022,347867a1-33d7-4a6d-9e5a-15b239c1bd86,DUNDRUM,13260406,N,2ae19629-149f-13a3-e055-000000000001,DUN LAOGHAIRE-RATHDOWN COUNTY COUNCIL,DR,DUBLIN,Baile Átha Cliath,Leinster,IE061,Dublin,IE06,Eastern and Midland,IE0,Ireland,31861
2ae19629-3f03-13a3-e055-000000000001,1310401,TULLOW,CSO LEA-2022,2ae19629-3f03-13a3-e055-000000000001,TULLOW,1310401,Y,2ae19629-1492-13a3-e055-000000000001,CARLOW COUNTY COUNCIL,CW,CARLOW,Ceatharlach,Leinster,IE052,South-East,IE05,Southern,IE0,Ireland,20225
2ae19629-3f71-13a3-e055-000000000001,1380402,NAAS,CSO LEA-2022,2ae19629-3f71-13a3-e055-000000000001,NAAS,1380402,Y,2ae19629-14a7-13a3-e055-000000000001,KILDARE COUNTY COUNCIL,KE,KILDARE,Cill Dara,Leinster,IE062,Mid-East,IE06,Eastern and Midland,IE0,Ireland,46011
2ae19629-3f3b-13a3-e055-000000000001,13240402,NEW ROSS,CSO LEA-2022,2ae19629-3f3b-13a3-e055-000000000001,NEW ROSS,13240402,Y,2ae19629-149c-13a3-e055-000000000001,WEXFORD COUNTY COUNCIL,WX,WEXFORD,Loch Garman,Leinster,IE052,South-East,IE05,Southern,IE0,Ireland,29946
2ae19629-3f3d-13a3-e055-000000000001,13250400,BALTINGLASS,CSO LEA-2022,2ae19629-3f3d-13a3-e055-000000000001,BALTINGLASS,13250400,Y,2ae19629-149e-13a3-e055-000000000001,WICKLOW COUNTY COUNCIL,WW,WICKLOW,Cill Mhantáin,Leinster,IE062,Mid-East,IE06,Eastern and Midland,IE0,Ireland,28041
2ae19629-3ef4-13a3-e055-999880000001,1380405,CLANE,CSO LEA-2022,2ae19629-3ef4-13a3-e055-999880000001,CLANE,1380405,Y,2ae19629-14a7-13a3-e055-000000000001,KILDARE COUNTY COUNCIL,KE,KILDARE,Cill Dara,Leinster,IE062,Mid-East,IE06,Eastern and Midland,IE0,Ireland,31210
2ae19629-3f1d-13a3-e055-000000000001,13160405,NAVAN,CSO LEA-2022,2ae19629-3f1d-13a3-e055-000000000001,NAVAN,13160405,Y,2ae19629-1494-13a3-e055-000000000001,MEATH COUNTY COUNCIL,MH,MEATH,An Mhí,Leinster,IE062,Mid-East,IE06,Eastern and Midland,IE0,Ireland,39294
2ae19629-3ef4-13a3-e055-000001100001,1340413,CORK CITY SOUTH CENTRAL,CSO LEA-2022,2ae19629-3ef4-13a3-e055-000001100001,CORK CITY SOUTH CENTRAL,1340413,Y,2ae19629-1434-13a3-e055-000000000001,CORK CITY COUNCIL,CC,CORK,Corcaigh,Munster,IE053,South-West,IE05,Southern,IE0,Ireland,41000
2ae19629-3ef4-13a3-e055-007589300001,13200402,SLIGO-STRANDHILL,CSO LEA-2022,2ae19629-3ef4-13a3-e055-007589300001,SLIGO-STRANDHILL,13200402,Y,2ae19629-1498-13a3-e055-000000000001,SLIGO COUNTY COUNCIL,SO,SLIGO,Sligeach,Connacht,IE041,Border,IE04,Northern and Western,IE0,Ireland,22932
2ae19629-3f2e-13a3-e055-000000000001,13210402,CARRICK-ON-SUIR,CSO LEA-2022,2ae19629-3f2e-13a3-e055-000000000001,CARRICK-ON-SUIR,13210402,Y,2ae19629-1499-13a3-e055-000000000001,TIPPERARY COUNTY COUNCIL,TY,TIPPERARY,Tiobraid Árann,Munster,IE051,Mid-West,IE05,Southern,IE0,Ireland,20191
2ae19629-3f4b-13a3-e055-000000000001,1360403,LOUGHREA,CSO LEA-2022,2ae19629-3f4b-13a3-e055-000000000001,LOUGHREA,1360403,Y,2ae19629-14a5-13a3-e055-000000000001,GALWAY COUNTY COUNCIL,GY,GALWAY,Gaillimh,Connacht,IE042,West,IE04,Northern and Western,IE0,Ireland,25498
2ae19629-3ef4-13a3-e055-883360000001,1370404,CORCA DHUIBHNE,CSO LEA-2022,2ae19629-3ef4-13a3-e055-883360000001,CORCA DHUIBHNE,1370404,Y,2ae19629-14a6-13a3-e055-000000000001,KERRY COUNTY COUNCIL,KY,KERRY,Ciarraí,Munster,IE053,South-West,IE05,Southern,IE0,Ireland,14971
199ec147-f6f0-4b60-8a67-fae3bd8625f8,13260404,HOWTH-MALAHIDE,CSO LEA-2022,199ec147-f6f0-4b60-8a67-fae3bd8625f8,HOWTH-MALAHIDE,13260404,N,2ae19629-14a0-13a3-e055-000000000001,FINGAL COUNTY COUNCIL,FL,DUBLIN,Baile Átha Cliath,Leinster,IE061,Dublin,IE06,Eastern and Midland,IE0,Ireland,69960
c665104c-3989-4df1-aaa7-cd0488590025,13260411,LUCAN,CSO LEA-2022,c665104c-3989-4df1-aaa7-cd0488590025,LUCAN,13260411,N,2ae19629-14a1-13a3-e055-000000000001,SOUTH DUBLIN COUNTY COUNCIL,SD,DUBLIN,Baile Átha Cliath,Leinster,IE061,Dublin,IE06,Eastern and Midland,IE0,Ireland,55785
2ae19629-3f0c-13a3-e055-000000000001,13120422,LIMERICK CITY EAST,CSO LEA-2022,2ae19629-3f0c-13a3-e055-000000000001,LIMERICK CITY EAST,13120422,Y,2ae19629-148f-13a3-e055-000000000001,LIMERICK CITY AND COUNTY COUNCIL,LK,LIMERICK,Luimneach,Munster,IE051,Mid-West,IE05,Southern,IE0,Ireland,39653
2ae19629-3f76-13a3-e055-000000000001,1390402,PILTOWN,CSO LEA-2022,2ae19629-3f76-13a3-e055-000000000001,PILTOWN,1390402,Y,2ae19629-14a8-13a3-e055-000000000001,KILKENNY COUNTY COUNCIL,KK,KILKENNY,Cill Chainnigh,Leinster,IE052,South-East,IE05,Southern,IE0,Ireland,22826
2ae19629-3f06-13a3-e055-000000000001,13110402,CARRICK-ON-SHANNON,CSO LEA-2022,2ae19629-3f06-13a3-e055-000000000001,CARRICK-ON-SHANNON,13110402,Y,2ae19629-148e-13a3-e055-000000000001,LEITRIM COUNTY COUNCIL,LM,LEITRIM,Liatroim,Connacht,IE041,Border,IE04,Northern and Western,IE0,Ireland,12634
2ae19629-3f2d-13a3-e055-000000000001,13210401,ROSCREA-TEMPLEMORE,CSO LEA-2022,2ae19629-3f2d-13a3-e055-000000000001,ROSCREA-TEMPLEMORE,13210401,Y,2ae19629-1499-13a3-e055-000000000001,TIPPERARY COUNTY COUNCIL,TY,TIPPERARY,Tiobraid Árann,Munster,IE051,Mid-West,IE05,Southern,IE0,Ireland,17310
2ae19629-3f6d-13a3-e055-000000000001,1370402,KILLARNEY,CSO LEA-2022,2ae19629-3f6d-13a3-e055-000000000001,KILLARNEY,1370402,Y,2ae19629-14a6-13a3-e055-000000000001,KERRY COUNTY COUNCIL,KY,KERRY,Ciarraí,Munster,IE053,South-West,IE05,Southern,IE0,Ireland,31086
2ae19629-3ef4-13a3-e055-662310000001,13210405,NEWPORT,CSO LEA-2022,2ae19629-3ef4-13a3-e055-662310000001,NEWPORT,13210405,Y,2ae19629-1499-13a3-e055-000000000001,TIPPERARY COUNTY COUNCIL,TY,TIPPERARY,Tiobraid Árann,Munster,IE051,Mid-West,IE05,Southern,IE0,Ireland,17525
2ae19629-3f33-13a3-e055-000000000001,13220420,TRAMORE-WATERFORD CITY WEST,CSO LEA-2022,2ae19629-3f33-13a3-e055-000000000001,TRAMORE-WATERFORD CITY WEST,13220420,Y,2ae19629-149a-13a3-e055-000000000001,WATERFORD CITY AND COUNTY COUNCIL,WD,WATERFORD,Port Láirge,Munster,IE052,South-East,IE05,Southern,IE0,Ireland,24803
2ae19629-3f15-13a3-e055-000000000001,13150401,CLAREMORRIS,CSO LEA-2022,2ae19629-3f15-13a3-e055-000000000001,CLAREMORRIS,13150401,Y,2ae19629-1493-13a3-e055-000000000001,MAYO COUNTY COUNCIL,MO,MAYO,Maigh Eo,Connacht,IE042,West,IE04,Northern and Western,IE0,Ireland,29336
220a3c1c-5611-4729-9f86-37b2fb10bd19,13160402,ASHBOURNE,CSO LEA-2022,220a3c1c-5611-4729-9f86-37b2fb10bd19,ASHBOURNE,13160402,N,2ae19629-1494-13a3-e055-000000000001,MEATH COUNTY COUNCIL,MH,MEATH,An Mhí,Leinster,IE062,Mid-East,IE06,Eastern and Midland,IE0,Ireland,33516
873195fc-2a79-408b-a643-b0c5b898b4d4,13240403,ROSSLARE,CSO LEA-2022,873195fc-2a79-408b-a643-b0c5b898b4d4,ROSSLARE,13240403,N,2ae19629-149c-13a3-e055-000000000001,WEXFORD COUNTY COUNCIL,WX,WEXFORD,Loch Garman,Leinster,IE052,South-East,IE05,Southern,IE0,Ireland,23573
2ae19629-3f66-13a3-e055-000000000001,1340403,CARRIGALINE,CSO LEA-2022,2ae19629-3f66-13a3-e055-000000000001,CARRIGALINE,1340403,Y,2ae19629-14a3-13a3-e055-000000000001,CORK COUNTY COUNCIL,CK,CORK,Corcaigh,Munster,IE053,South-West,IE05,Southern,IE0,Ireland,39145
2ae19629-3f4d-13a3-e055-000000000001,1360420,GALWAY CITY WEST,CSO LEA-2022,2ae19629-3f4d-13a3-e055-000000000001,GALWAY CITY WEST,1360420,Y,2ae19629-1435-13a3-e055-000000000001,GALWAY CITY COUNCIL,GC,GALWAY,Gaillimh,Connacht,IE042,West,IE04,Northern and Western,IE0,Ireland,26618
2ae19629-3ef4-13a3-e055-999330000001,1360405,GORT-KINVARA,CSO LEA-2022,2ae19629-3ef4-13a3-e055-999330000001,GORT-KINVARA,1360405,Y,2ae19629-14a5-13a3-e055-000000000001,GALWAY COUNTY COUNCIL,GY,GALWAY,Gaillimh,Connacht,IE042,West,IE04,Northern and Western,IE0,Ireland,25923
2ae19629-3f41-13a3-e055-000000000001,1340406,BANTRY-WEST CORK,CSO LEA-2022,2ae19629-3f41-13a3-e055-000000000001,BANTRY-WEST CORK,1340406,Y,2ae19629-14a3-13a3-e055-000000000001,CORK COUNTY COUNCIL,CK,CORK,Corcaigh,Munster,IE053,South-West,IE05,Southern,IE0,Ireland,24030
2ae19629-3f68-13a3-e055-000000000001,1340405,BANDON-KINSALE,CSO LEA-2022,2ae19629-3f68-13a3-e055-000000000001,BANDON-KINSALE,1340405,Y,2ae19629-14a3-13a3-e055-000000000001,CORK COUNTY COUNCIL,CK,CORK,Corcaigh,Munster,IE053,South-West,IE05,Southern,IE0,Ireland,40387
2ae19629-3f46-13a3-e055-000000000001,1350403,BUNCRANA,CSO LEA-2022,2ae19629-3f46-13a3-e055-000000000001,BUNCRANA,1350403,Y,2ae19629-14a4-13a3-e055-000000000001,DONEGAL COUNTY COUNCIL,DL,DONEGAL,Dún na nGall,Ulster,IE041,Border,IE04,Northern and Western,IE0,Ireland,22618
e97b193e-2389-4b62-8e77-25ed84bbbc15,13260410,BLACKROCK,CSO LEA-2022,e97b193e-2389-4b62-8e77-25ed84bbbc15,BLACKROCK,13260410,N,2ae19629-149f-13a3-e055-000000000001,DUN LAOGHAIRE-RATHDOWN COUNTY COUNCIL,DR,DUBLIN,Baile Átha Cliath,Leinster,IE061,Dublin,IE06,Eastern and Midland,IE0,Ireland,34280
2ae19629-3ef4-13a3-e055-000005300001,13220402,LISMORE,CSO LEA-2022,2ae19629-3ef4-13a3-e055-000005300001,LISMORE,13220402,Y,2ae19629-149a-13a3-e055-000000000001,WATERFORD CITY AND COUNTY COUNCIL,WD,WATERFORD,Port Láirge,Munster,IE052,South-East,IE05,Southern,IE0,Ireland,11403
2ae19629-3f75-13a3-e055-000000000001,1390401,KILKENNY,CSO LEA-2022,2ae19629-3f75-13a3-e055-000000000001,KILKENNY,1390401,Y,2ae19629-14a8-13a3-e055-000000000001,KILKENNY COUNTY COUNCIL,KK,KILKENNY,Cill Chainnigh,Leinster,IE052,South-East,IE05,Southern,IE0,Ireland,29653
2ae19629-3f62-13a3-e055-000000000001,1330403,ENNIS,CSO LEA-2022,2ae19629-3f62-13a3-e055-000000000001,ENNIS,1330403,Y,2ae19629-14a2-13a3-e055-000000000001,CLARE COUNTY COUNCIL,CE,CLARE,An Clár,Munster,IE051,Mid-West,IE05,Southern,IE0,Ireland,33952
2ae19629-3f14-13a3-e055-000000000001,13150400,BALLINA,CSO LEA-2022,2ae19629-3f14-13a3-e055-000000000001,BALLINA,13150400,Y,2ae19629-1493-13a3-e055-000000000001,MAYO COUNTY COUNCIL,MO,MAYO,Maigh Eo,Connacht,IE042,West,IE04,Northern and Western,IE0,Ireland,25858
2ae19629-3f43-13a3-e055-000000000001,1350400,GLENTIES,CSO LEA-2022,2ae19629-3f43-13a3-e055-000000000001,GLENTIES,1350400,Y,2ae19629-14a4-13a3-e055-000000000001,DONEGAL COUNTY COUNCIL,DL,DONEGAL,Dún na nGall,Ulster,IE041,Border,IE04,Northern and Western,IE0,Ireland,25152
2ae19629-3ef4-13a3-e055-997440000001,13260417,BALBRIGGAN,CSO LEA-2022,2ae19629-3ef4-13a3-e055-997440000001,BALBRIGGAN,13260417,Y,2ae19629-14a0-13a3-e055-000000000001,FINGAL COUNTY COUNCIL,FL,DUBLIN,Baile Átha Cliath,Leinster,IE061,Dublin,IE06,Eastern and Midland,IE0,Ireland,40476
2ae19629-3f00-13a3-e055-000000000001,13100401,PORTLAOISE,CSO LEA-2022,2ae19629-3f00-13a3-e055-000000000001,PORTLAOISE,13100401,Y,2ae19629-148d-13a3-e055-000000000001,LAOIS COUNTY COUNCIL,LS,LAOIS,Laois,Leinster,IE063,Midlands,IE06,Eastern and Midland,IE0,Ireland,34603
2ae19629-3ef4-13a3-e055-075000000001,1350406,LIFFORD-STRANORLAR,CSO LEA-2022,2ae19629-3ef4-13a3-e055-075000000001,LIFFORD-STRANORLAR,1350406,Y,2ae19629-14a4-13a3-e055-000000000001,DONEGAL COUNTY COUNCIL,DL,DONEGAL,Dún na nGall,Ulster,IE041,Border,IE04,Northern and Western,IE0,Ireland,26863
2ae19629-3f74-13a3-e055-000000000001,1390400,CASTLECOMER,CSO LEA-2022,2ae19629-3f74-13a3-e055-000000000001,CASTLECOMER,1390400,Y,2ae19629-14a8-13a3-e055-000000000001,KILKENNY COUNTY COUNCIL,KK,KILKENNY,Cill Chainnigh,Leinster,IE052,South-East,IE05,Southern,IE0,Ireland,24863
2ae19629-3ef4-13a3-e055-222220000001,1340408,MACROOM,CSO LEA-2022,2ae19629-3ef4-13a3-e055-222220000001,MACROOM,1340408,Y,2ae19629-14a3-13a3-e055-000000000001,CORK COUNTY COUNCIL,CK,CORK,Corcaigh,Munster,IE053,South-West,IE05,Southern,IE0,Ireland,39847
2ae19629-3f31-13a3-e055-000000000001,13220400,DUNGARVAN,CSO LEA-2022,2ae19629-3f31-13a3-e055-000000000001,DUNGARVAN,13220400,Y,2ae19629-149a-13a3-e055-000000000001,WATERFORD CITY AND COUNTY COUNCIL,WD,WATERFORD,Port Láirge,Munster,IE052,South-East,IE05,Southern,IE0,Ireland,22335
2ae19629-3f18-13a3-e055-000000000001,13160400,KELLS,CSO LEA-2022,2ae19629-3f18-13a3-e055-000000000001,KELLS,13160400,Y,2ae19629-1494-13a3-e055-000000000001,MEATH COUNTY COUNCIL,MH,MEATH,An Mhí,Leinster,IE062,Mid-East,IE06,Eastern and Midland,IE0,Ireland,34575
2ae19629-3f5a-13a3-e055-000000000001,13260424,PEMBROKE,CSO LEA-2022,2ae19629-3f5a-13a3-e055-000000000001,PEMBROKE,13260424,Y,2ae19629-1433-13a3-e055-000000000001,DUBLIN CITY COUNCIL,DC,DUBLIN,Baile Átha Cliath,Leinster,IE061,Dublin,IE06,Eastern and Midland,IE0,Ireland,45663
2ae19629-3ef4-13a3-e055-000005600001,1370405,TRALEE,CSO LEA-2022,2ae19629-3ef4-13a3-e055-000005600001,TRALEE,1370405,Y,2ae19629-14a6-13a3-e055-000000000001,KERRY COUNTY COUNCIL,KY,KERRY,Ciarraí,Munster,IE053,South-West,IE05,Southern,IE0,Ireland,35922
2ae19629-3f20-13a3-e055-000000000001,13170402,BALLYBAY-CLONES,CSO LEA-2022,2ae19629-3f20-13a3-e055-000000000001,BALLYBAY-CLONES,13170402,Y,2ae19629-1495-13a3-e055-000000000001,MONAGHAN COUNTY COUNCIL,MN,MONAGHAN,Muineachán,Ulster,IE041,Border,IE04,Northern and Western,IE0,Ireland,18421
2ae19629-3f59-13a3-e055-000000000001,13260423,KIMMAGE-RATHMINES,CSO LEA-2022,2ae19629-3f59-13a3-e055-000000000001,KIMMAGE-RATHMINES,13260423,Y,2ae19629-1433-13a3-e055-000000000001,DUBLIN CITY COUNCIL,DC,DUBLIN,Baile Átha Cliath,Leinster,IE061,Dublin,IE06,Eastern and Midland,IE0,Ireland,59788
2ae19629-3ef4-13a3-e055-999220000001,13250405,BRAY EAST,CSO LEA-2022,2ae19629-3ef4-13a3-e055-999220000001,BRAY EAST,13250405,Y,2ae19629-149e-13a3-e055-000000000001,WICKLOW COUNTY COUNCIL,WW,WICKLOW,Cill Mhantáin,Leinster,IE062,Mid-East,IE06,Eastern and Midland,IE0,Ireland,17728
2ae19629-3f3e-13a3-e055-000000000001,13250401,BRAY WEST,CSO LEA-2022,2ae19629-3f3e-13a3-e055-000000000001,BRAY WEST,13250401,Y,2ae19629-149e-13a3-e055-000000000001,WICKLOW COUNTY COUNCIL,WW,WICKLOW,Cill Mhantáin,Leinster,IE062,Mid-East,IE06,Eastern and Midland,IE0,Ireland,19144
9821f9f9-aacc-4b08-94ac-e3b1ba87db1e,13160401,LAYTOWN-BETTYSTOWN,CSO LEA-2022,9821f9f9-aacc-4b08-94ac-e3b1ba87db1e,LAYTOWN-BETTYSTOWN,13160401,N,2ae19629-1494-13a3-e055-000000000001,MEATH COUNTY COUNCIL,MH,MEATH,An Mhí,Leinster,IE062,Mid-East,IE06,Eastern and Midland,IE0,Ireland,40660
2ae19629-3f1f-13a3-e055-000000000001,13170401,CARRICKMACROSS-CASTLEBLAYNEY,CSO LEA-2022,2ae19629-3f1f-13a3-e055-000000000001,CARRICKMACROSS-CASTLEBLAYNEY,13170401,Y,2ae19629-1495-13a3-e055-000000000001,MONAGHAN COUNTY COUNCIL,MN,MONAGHAN,Muineachán,Ulster,IE041,Border,IE04,Northern and Western,IE0,Ireland,23469
2ae19629-3f38-13a3-e055-000000000001,13230402,KINNEGAD,CSO LEA-2022,2ae19629-3f38-13a3-e055-000000000001,KINNEGAD,13230402,Y,2ae19629-149b-13a3-e055-000000000001,WESTMEATH COUNTY COUNCIL,WH,WESTMEATH,An Iarmhí,Leinster,IE063,Midlands,IE06,Eastern and Midland,IE0,Ireland,23368
2ae19629-3ef4-13a3-e055-553330000001,1310402,MUINEBEAG,CSO LEA-2022,2ae19629-3ef4-13a3-e055-553330000001,MUINEBEAG,1310402,Y,2ae19629-1492-13a3-e055-000000000001,CARLOW COUNTY COUNCIL,CW,CARLOW,Ceatharlach,Leinster,IE052,South-East,IE05,Southern,IE0,Ireland,16575
2ae19629-3f0d-13a3-e055-000000000001,13130400,GRANARD,CSO LEA-2022,2ae19629-3f0d-13a3-e055-000000000001,GRANARD,13130400,Y,2ae19629-1490-13a3-e055-000000000001,LONGFORD COUNTY COUNCIL,LD,LONGFORD,An Longfort,Leinster,IE063,Midlands,IE06,Eastern and Midland,IE0,Ireland,11500
2ae19629-3f09-13a3-e055-000000000001,13120402,CAPPAMORE-KILMALLOCK,CSO LEA-2022,2ae19629-3f09-13a3-e055-000000000001,CAPPAMORE-KILMALLOCK,13120402,Y,2ae19629-148f-13a3-e055-000000000001,LIMERICK CITY AND COUNTY COUNCIL,LK,LIMERICK,Luimneach,Munster,IE051,Mid-West,IE05,Southern,IE0,Ireland,36500
2ae19629-3f23-13a3-e055-000000000001,13180402,EDENDERRY,CSO LEA-2022,2ae19629-3f23-13a3-e055-000000000001,EDENDERRY,13180402,Y,2ae19629-1496-13a3-e055-000000000001,OFFALY COUNTY COUNCIL,OY,OFFALY,Uíbh Fhailí,Leinster,IE063,Midlands,IE06,Eastern and Midland,IE0,Ireland,25188
2ae19629-3f28-13a3-e055-000000000001,13200401,SLIGO-DRUMCLIFF,CSO LEA-2022,2ae19629-3f28-13a3-e055-000000000001,SLIGO-DRUMCLIFF,13200401,Y,2ae19629-1498-13a3-e055-000000000001,SLIGO COUNTY COUNCIL,SO,SLIGO,Sligeach,Connacht,IE041,Border,IE04,Northern and Western,IE0,Ireland,18817
2ae19629-3ef4-13a3-e055-999990000001,1340412,CORK CITY SOUTH EAST,CSO LEA-2022,2ae19629-3ef4-13a3-e055-999990000001,CORK CITY SOUTH EAST,1340412,Y,2ae19629-1434-13a3-e055-000000000001,CORK CITY COUNCIL,CC,CORK,Corcaigh,Munster,IE053,South-West,IE05,Southern,IE0,Ireland,45400
2ae19629-3f73-13a3-e055-000000000001,1380404,KILDARE,CSO LEA-2022,2ae19629-3f73-13a3-e055-000000000001,KILDARE,1380404,Y,2ae19629-14a7-13a3-e055-000000000001,KILDARE COUNTY COUNCIL,KE,KILDARE,Cill Dara,Leinster,IE062,Mid-East,IE06,Eastern and Midland,IE0,Ireland,29759
2ae19629-3ef4-13a3-e055-774560000001,1340410,CORK CITY NORTH WEST,CSO LEA-2022,2ae19629-3ef4-13a3-e055-774560000001,CORK CITY NORTH WEST,1340410,Y,2ae19629-1434-13a3-e055-000000000001,CORK CITY COUNCIL,CC,CORK,Corcaigh,Munster,IE053,South-West,IE05,Southern,IE0,Ireland,42306
2ae19629-3f01-13a3-e055-000000000001,13100402,GRAIGUECULLEN-PORTARLINGTON,CSO LEA-2022,2ae19629-3f01-13a3-e055-000000000001,GRAIGUECULLEN-PORTARLINGTON,13100402,Y,2ae19629-148d-13a3-e055-000000000001,LAOIS COUNTY COUNCIL,LS,LAOIS,Laois,Leinster,IE063,Midlands,IE06,Eastern and Midland,IE0,Ireland,30822
2ae19629-3f1e-13a3-e055-000000000001,13170400,MONAGHAN,CSO LEA-2022,2ae19629-3f1e-13a3-e055-000000000001,MONAGHAN,13170400,Y,2ae19629-1495-13a3-e055-000000000001,MONAGHAN COUNTY COUNCIL,MN,MONAGHAN,Muineachán,Ulster,IE041,Border,IE04,Northern and Western,IE0,Ireland,23398
2ae19629-3f69-13a3-e055-000000000001,1360421,GALWAY CITY CENTRAL,CSO LEA-2022,2ae19629-3f69-13a3-e055-000000000001,GALWAY CITY CENTRAL,1360421,Y,2ae19629-1435-13a3-e055-000000000001,GALWAY CITY COUNCIL,GC,GALWAY,Gaillimh,Connacht,IE042,West,IE04,Northern and Western,IE0,Ireland,29705
2ae19629-3f6b-13a3-e055-000000000001,1370400,LISTOWEL,CSO LEA-2022,2ae19629-3f6b-13a3-e055-000000000001,LISTOWEL,1370400,Y,2ae19629-14a6-13a3-e055-000000000001,KERRY COUNTY COUNCIL,KY,KERRY,Ciarraí,Munster,IE053,South-West,IE05,Southern,IE0,Ireland,29285
2ae19629-3f6c-13a3-e055-000000000001,1370401,CASTLEISLAND,CSO LEA-2022,2ae19629-3f6c-13a3-e055-000000000001,CASTLEISLAND,1370401,Y,2ae19629-14a6-13a3-e055-000000000001,KERRY COUNTY COUNCIL,KY,KERRY,Ciarraí,Munster,IE053,South-West,IE05,Southern,IE0,Ireland,18033
2ae19629-3f48-13a3-e055-000000000001,1360400,CONAMARA NORTH,CSO LEA-2022,2ae19629-3f48-13a3-e055-000000000001,CONAMARA NORTH,1360400,Y,2ae19629-14a5-13a3-e055-000000000001,GALWAY COUNTY COUNCIL,GY,GALWAY,Gaillimh,Connacht,IE042,West,IE04,Northern and Western,IE0,Ireland,18053
2ae19629-3f5f-13a3-e055-000000000001,1330400,ENNISTIMON,CSO LEA-2022,2ae19629-3f5f-13a3-e055-000000000001,ENNISTIMON,1330400,Y,2ae19629-14a2-13a3-e055-000000000001,CLARE COUNTY COUNCIL,CE,CLARE,An Clár,Munster,IE051,Mid-West,IE05,Southern,IE0,Ireland,18052
2ae19629-3f5e-13a3-e055-000000000001,13260428,DONAGHMEDE,CSO LEA-2022,2ae19629-3f5e-13a3-e055-000000000001,DONAGHMEDE,13260428,Y,2ae19629-1433-13a3-e055-000000000001,DUBLIN CITY COUNCIL,DC,DUBLIN,Baile Átha Cliath,Leinster,IE061,Dublin,IE06,Eastern and Midland,IE0,Ireland,47080
2ae19629-3f22-13a3-e055-000000000001,13180401,TULLAMORE,CSO LEA-2022,2ae19629-3f22-13a3-e055-000000000001,TULLAMORE,13180401,Y,2ae19629-1496-13a3-e055-000000000001,OFFALY COUNTY COUNCIL,OY,OFFALY,Uíbh Fhailí,Leinster,IE063,Midlands,IE06,Eastern and Midland,IE0,Ireland,30958
dfb0e9cc-e456-4386-a73f-b61cfb7a3b08,13260415,TALLAGHT SOUTH,CSO LEA-2022,dfb0e9cc-e456-4386-a73f-b61cfb7a3b08,TALLAGHT SOUTH,13260415,N,2ae19629-14a1-13a3-e055-000000000001,SOUTH DUBLIN COUNTY COUNCIL,SD,DUBLIN,Baile Átha Cliath,Leinster,IE061,Dublin,IE06,Eastern and Midland,IE0,Ireland,43644
2ae19629-3f27-13a3-e055-000000000001,13200400,BALLYMOTE-TOBERCURRY,CSO LEA-2022,2ae19629-3f27-13a3-e055-000000000001,BALLYMOTE-TOBERCURRY,13200400,Y,2ae19629-1498-13a3-e055-000000000001,SLIGO COUNTY COUNCIL,SO,SLIGO,Sligeach,Connacht,IE041,Border,IE04,Northern and Western,IE0,Ireland,28449
e19bef46-260c-495d-89f0-3898e2708721,13260421,CABRA-GLASNEVIN,CSO LEA-2022,e19bef46-260c-495d-89f0-3898e2708721,CABRA-GLASNEVIN,13260421,N,2ae19629-1433-13a3-e055-000000000001,DUBLIN CITY COUNCIL,DC,DUBLIN,Baile Átha Cliath,Leinster,IE061,Dublin,IE06,Eastern and Midland,IE0,Ireland,63073
2ae19629-3f61-13a3-e055-000000000001,1330402,SHANNON,CSO LEA-2022,2ae19629-3f61-13a3-e055-000000000001,SHANNON,1330402,Y,2ae19629-14a2-13a3-e055-000000000001,CLARE COUNTY COUNCIL,CE,CLARE,An Clár,Munster,IE051,Mid-West,IE05,Southern,IE0,Ireland,31774
2ae19629-3f39-13a3-e055-000000000001,13240400,GOREY,CSO LEA-2022,2ae19629-3f39-13a3-e055-000000000001,GOREY,13240400,Y,2ae19629-149c-13a3-e055-000000000001,WEXFORD COUNTY COUNCIL,WX,WEXFORD,Loch Garman,Leinster,IE052,South-East,IE05,Southern,IE0,Ireland,31140
a4a6a231-170f-4ff3-be09-6d68f119c5b3,13260416,CLONDALKIN,CSO LEA-2022,a4a6a231-170f-4ff3-be09-6d68f119c5b3,CLONDALKIN,13260416,N,2ae19629-14a1-13a3-e055-000000000001,SOUTH DUBLIN COUNTY COUNCIL,SD,DUBLIN,Baile Átha Cliath,Leinster,IE061,Dublin,IE06,Eastern and Midland,IE0,Ireland,52878
2ae19629-3f67-13a3-e055-000000000001,1340404,COBH,CSO LEA-2022,2ae19629-3f67-13a3-e055-000000000001,COBH,1340404,Y,2ae19629-14a3-13a3-e055-000000000001,CORK COUNTY COUNCIL,CK,CORK,Corcaigh,Munster,IE053,South-West,IE05,Southern,IE0,Ireland,37214
2ae19629-3f45-13a3-e055-000000000001,1350402,CARNDONAGH,CSO LEA-2022,2ae19629-3f45-13a3-e055-000000000001,CARNDONAGH,1350402,Y,2ae19629-14a4-13a3-e055-000000000001,DONEGAL COUNTY COUNCIL,DL,DONEGAL,Dún na nGall,Ulster,IE041,Border,IE04,Northern and Western,IE0,Ireland,17736
2ae19629-3f49-13a3-e055-000000000001,1360401,TUAM,CSO LEA-2022,2ae19629-3f49-13a3-e055-000000000001,TUAM,1360401,Y,2ae19629-14a5-13a3-e055-000000000001,GALWAY COUNTY COUNCIL,GY,GALWAY,Gaillimh,Connacht,IE042,West,IE04,Northern and Western,IE0,Ireland,35544
2ae19629-3f07-13a3-e055-000000000001,13120400,NEWCASTLE WEST,CSO LEA-2022,2ae19629-3f07-13a3-e055-000000000001,NEWCASTLE WEST,13120400,Y,2ae19629-148f-13a3-e055-000000000001,LIMERICK CITY AND COUNTY COUNCIL,LK,LIMERICK,Luimneach,Munster,IE051,Mid-West,IE05,Southern,IE0,Ireland,29033
2ae19629-3f34-13a3-e055-000000000001,13220421,WATERFORD CITY SOUTH,CSO LEA-2022,2ae19629-3f34-13a3-e055-000000000001,WATERFORD CITY SOUTH,13220421,Y,2ae19629-149a-13a3-e055-000000000001,WATERFORD CITY AND COUNTY COUNCIL,WD,WATERFORD,Port Láirge,Munster,IE052,South-East,IE05,Southern,IE0,Ireland,26011
2ae19629-3ef4-13a3-e055-000005500001,13210406,THURLES,CSO LEA-2022,2ae19629-3ef4-13a3-e055-000005500001,THURLES,13210406,Y,2ae19629-1499-13a3-e055-000000000001,TIPPERARY COUNTY COUNCIL,TY,TIPPERARY,Tiobraid Árann,Munster,IE051,Mid-West,IE05,Southern,IE0,Ireland,19980
2ae19629-3f25-13a3-e055-000000000001,13190401,ROSCOMMON,CSO LEA-2022,2ae19629-3f25-13a3-e055-000000000001,ROSCOMMON,13190401,Y,2ae19629-1497-13a3-e055-000000000001,ROSCOMMON COUNTY COUNCIL,RN,ROSCOMMON,Ros Comáin,Connacht,IE042,West,IE04,Northern and Western,IE0,Ireland,24708
2ae19629-3f24-13a3-e055-000000000001,13190400,BOYLE,CSO LEA-2022,2ae19629-3f24-13a3-e055-000000000001,BOYLE,13190400,Y,2ae19629-1497-13a3-e055-000000000001,ROSCOMMON COUNTY COUNCIL,RN,ROSCOMMON,Ros Comáin,Connacht,IE042,West,IE04,Northern and Western,IE0,Ireland,24421
2ae19629-3f5b-13a3-e055-000000000001,13260425,SOUTH EAST INNER CITY,CSO LEA-2022,2ae19629-3f5b-13a3-e055-000000000001,SOUTH EAST INNER CITY,13260425,Y,2ae19629-1433-13a3-e055-000000000001,DUBLIN CITY COUNCIL,DC,DUBLIN,Baile Átha Cliath,Leinster,IE061,Dublin,IE06,Eastern and Midland,IE0,Ireland,43586
2ae19629-3f21-13a3-e055-000000000001,13180400,BIRR,CSO LEA-2022,2ae19629-3f21-13a3-e055-000000000001,BIRR,13180400,Y,2ae19629-1496-13a3-e055-000000000001,OFFALY COUNTY COUNCIL,OY,OFFALY,Uíbh Fhailí,Leinster,IE063,Midlands,IE06,Eastern and Midland,IE0,Ireland,27004
2ae19629-3ef5-13a3-e055-000000000001,13250403,WICKLOW,CSO LEA-2022,2ae19629-3ef5-13a3-e055-000000000001,WICKLOW,13250403,Y,2ae19629-149e-13a3-e055-000000000001,WICKLOW COUNTY COUNCIL,WW,WICKLOW,Cill Mhantáin,Leinster,IE062,Mid-East,IE06,Eastern and Midland,IE0,Ireland,32593
40aece0e-a19d-4e78-af9d-e129f5557496,13260409,DÚN LAOGHAIRE,CSO LEA-2022,40aece0e-a19d-4e78-af9d-e129f5557496,DÚN LAOGHAIRE,13260409,N,2ae19629-149f-13a3-e055-000000000001,DUN LAOGHAIRE-RATHDOWN COUNTY COUNCIL,DR,DUBLIN,Baile Átha Cliath,Leinster,IE061,Dublin,IE06,Eastern and Midland,IE0,Ireland,46603
2ae19629-3ef4-13a3-e055-444440000001,1340409,MALLOW,CSO LEA-2022,2ae19629-3ef4-13a3-e055-444440000001,MALLOW,1340409,Y,2ae19629-14a3-13a3-e055-000000000001,CORK COUNTY COUNCIL,CK,CORK,Corcaigh,Munster,IE053,South-West,IE05,Southern,IE0,Ireland,31507
2ae19629-3ef4-13a3-e055-994560000001,1360406,CONAMARA SOUTH,CSO LEA-2022,2ae19629-3ef4-13a3-e055-994560000001,CONAMARA SOUTH,1360406,Y,2ae19629-14a5-13a3-e055-000000000001,GALWAY COUNTY COUNCIL,GY,GALWAY,Gaillimh,Connacht,IE042,West,IE04,Northern and Western,IE0,Ireland,23345
2ae19629-3ef4-13a3-e055-999550000001,13240405,ENNISCORTHY,CSO LEA-2022,2ae19629-3ef4-13a3-e055-999550000001,ENNISCORTHY,13240405,Y,2ae19629-149c-13a3-e055-000000000001,WEXFORD COUNTY COUNCIL,WX,WEXFORD,Loch Garman,Leinster,IE052,South-East,IE05,Southern,IE0,Ireland,29314
2ae19629-3ef4-13a3-e055-700012002301,1350405,LETTERKENNY,CSO LEA-2022,2ae19629-3ef4-13a3-e055-700012002301,LETTERKENNY,1350405,Y,2ae19629-14a4-13a3-e055-000000000001,DONEGAL COUNTY COUNCIL,DL,DONEGAL,Dún na nGall,Ulster,IE041,Border,IE04,Northern and Western,IE0,Ireland,32266
2ae19629-3f02-13a3-e055-000000000001,1310400,CARLOW,CSO LEA-2022,2ae19629-3f02-13a3-e055-000000000001,CARLOW,1310400,Y,2ae19629-1492-13a3-e055-000000000001,CARLOW COUNTY COUNCIL,CW,CARLOW,Ceatharlach,Leinster,IE052,South-East,IE05,Southern,IE0,Ireland,25168
2ae19629-3f77-13a3-e055-000000000001,1390403,CALLAN-THOMASTOWN,CSO LEA-2022,2ae19629-3f77-13a3-e055-000000000001,CALLAN-THOMASTOWN,1390403,Y,2ae19629-14a8-13a3-e055-000000000001,KILKENNY COUNTY COUNCIL,KK,KILKENNY,Cill Chainnigh,Leinster,IE052,South-East,IE05,Southern,IE0,Ireland,26818
2ae19629-3f64-13a3-e055-000000000001,1340401,FERMOY,CSO LEA-2022,2ae19629-3f64-13a3-e055-000000000001,FERMOY,1340401,Y,2ae19629-14a3-13a3-e055-000000000001,CORK COUNTY COUNCIL,CK,CORK,Corcaigh,Munster,IE053,South-West,IE05,Southern,IE0,Ireland,38935
2ae19629-3f0b-13a3-e055-000000000001,13120421,LIMERICK CITY NORTH,CSO LEA-2022,2ae19629-3f0b-13a3-e055-000000000001,LIMERICK CITY NORTH,13120421,Y,2ae19629-148f-13a3-e055-000000000001,LIMERICK CITY AND COUNTY COUNCIL,LK,LIMERICK,Luimneach,Munster,IE051,Mid-West,IE05,Southern,IE0,Ireland,36385
07103324-0802-4bb8-a1f1-13614eb67b7c,13260401,SWORDS,CSO LEA-2022,07103324-0802-4bb8-a1f1-13614eb67b7c,SWORDS,13260401,N,2ae19629-14a0-13a3-e055-000000000001,FINGAL COUNTY COUNCIL,FL,DUBLIN,Baile Átha Cliath,Leinster,IE061,Dublin,IE06,Eastern and Midland,IE0,Ireland,48739
2ae19629-3eff-13a3-e055-000000000001,13100400,BORRIS-IN-OSSORY-MOUNTMELLICK,CSO LEA-2022,2ae19629-3eff-13a3-e055-000000000001,BORRIS-IN-OSSORY-MOUNTMELLICK,13100400,Y,2ae19629-148d-13a3-e055-000000000001,LAOIS COUNTY COUNCIL,LS,LAOIS,Laois,Leinster,IE063,Midlands,IE06,Eastern and Midland,IE0,Ireland,26452
2ae19629-3f04-13a3-e055-000000000001,13110400,MANORHAMILTON,CSO LEA-2022,2ae19629-3f04-13a3-e055-000000000001,MANORHAMILTON,13110400,Y,2ae19629-148e-13a3-e055-000000000001,LEITRIM COUNTY COUNCIL,LM,LEITRIM,Liatroim,Connacht,IE041,Border,IE04,Northern and Western,IE0,Ireland,11686
91bb1ace-9216-4f70-ac9a-a3e18397a8d6,1380401,CELBRIDGE,CSO LEA-2022,91bb1ace-9216-4f70-ac9a-a3e18397a8d6,CELBRIDGE,1380401,N,2ae19629-14a7-13a3-e055-000000000001,KILDARE COUNTY COUNCIL,KE,KILDARE,Cill Dara,Leinster,IE062,Mid-East,IE06,Eastern and Midland,IE0,Ireland,22718
2ae19629-3f44-13a3-e055-000000000001,1350401,MILFORD,CSO LEA-2022,2ae19629-3f44-13a3-e055-000000000001,MILFORD,1350401,Y,2ae19629-14a4-13a3-e055-000000000001,DONEGAL COUNTY COUNCIL,DL,DONEGAL,Dún na nGall,Ulster,IE041,Border,IE04,Northern and Western,IE0,Ireland,14525
2ae19629-3f6f-13a3-e055-000000000001,1380400,MAYNOOTH,CSO LEA-2022,2ae19629-3f6f-13a3-e055-000000000001,MAYNOOTH,1380400,Y,2ae19629-14a7-13a3-e055-000000000001,KILDARE COUNTY COUNCIL,KE,KILDARE,Cill Dara,Leinster,IE062,Mid-East,IE06,Eastern and Midland,IE0,Ireland,35202
e7c5c260-72c3-403b-b8a8-1eda714b0fec,13160403,RATOATH,CSO LEA-2022,e7c5c260-72c3-403b-b8a8-1eda714b0fec,RATOATH,13160403,N,2ae19629-1494-13a3-e055-000000000001,MEATH COUNTY COUNCIL,MH,MEATH,An Mhí,Leinster,IE062,Mid-East,IE06,Eastern and Midland,IE0,Ireland,39326
2ae19629-3ef4-13a3-e055-999110000001,13150405,SWINFORD,CSO LEA-2022,2ae19629-3ef4-13a3-e055-999110000001,SWINFORD,13150405,Y,2ae19629-1493-13a3-e055-000000000001,MAYO COUNTY COUNCIL,MO,MAYO,Maigh Eo,Connacht,IE042,West,IE04,Northern and Western,IE0,Ireland,18066
586997e6-b1be-42cc-b73d-c03f9abad412,13140401,DUNDALK SOUTH,CSO LEA-2022,586997e6-b1be-42cc-b73d-c03f9abad412,DUNDALK SOUTH,13140401,N,2ae19629-1491-13a3-e055-000000000001,LOUTH COUNTY COUNCIL,LH,LOUTH,Lú,Leinster,IE062,Mid-East,IE06,Eastern and Midland,IE0,Ireland,38195
2ae19629-3f60-13a3-e055-000000000001,1330401,KILLALOE,CSO LEA-2022,2ae19629-3f60-13a3-e055-000000000001,KILLALOE,1330401,Y,2ae19629-14a2-13a3-e055-000000000001,CLARE COUNTY COUNCIL,CE,CLARE,An Clár,Munster,IE051,Mid-West,IE05,Southern,IE0,Ireland,21871
2ae19629-3f32-13a3-e055-000000000001,13220401,PORTLAW-KILMACTHOMAS,CSO LEA-2022,2ae19629-3f32-13a3-e055-000000000001,PORTLAW-KILMACTHOMAS,13220401,Y,2ae19629-149a-13a3-e055-000000000001,WATERFORD CITY AND COUNTY COUNCIL,WD,WATERFORD,Port Láirge,Munster,IE052,South-East,IE05,Southern,IE0,Ireland,18414
2ae19629-3ef7-13a3-e055-000000000001,13260400,RUSH-LUSK,CSO LEA-2022,2ae19629-3ef7-13a3-e055-000000000001,RUSH-LUSK,13260400,Y,2ae19629-14a0-13a3-e055-000000000001,FINGAL COUNTY COUNCIL,FL,DUBLIN,Baile Átha Cliath,Leinster,IE061,Dublin,IE06,Eastern and Midland,IE0,Ireland,40255
2ae19629-3f4a-13a3-e055-000000000001,1360402,BALLINASLOE,CSO LEA-2022,2ae19629-3f4a-13a3-e055-000000000001,BALLINASLOE,1360402,Y,2ae19629-14a5-13a3-e055-000000000001,GALWAY COUNTY COUNCIL,GY,GALWAY,Gaillimh,Connacht,IE042,West,IE04,Northern and Western,IE0,Ireland,29855
2ae19629-3ef4-13a3-e055-111110000001,13150404,WESTPORT,CSO LEA-2022,2ae19629-3ef4-13a3-e055-111110000001,WESTPORT,13150404,Y,2ae19629-1493-13a3-e055-000000000001,MAYO COUNTY COUNCIL,MO,MAYO,Maigh Eo,Connacht,IE042,West,IE04,Northern and Western,IE0,Ireland,19947
2ae19629-3f47-13a3-e055-000000000001,1350404,DONEGAL,CSO LEA-2022,2ae19629-3f47-13a3-e055-000000000001,DONEGAL,1350404,Y,2ae19629-14a4-13a3-e055-000000000001,DONEGAL COUNTY COUNCIL,DL,DONEGAL,Dún na nGall,Ulster,IE041,Border,IE04,Northern and Western,IE0,Ireland,27924
2ae19629-3f16-13a3-e055-000000000001,13150402,CASTLEBAR,CSO LEA-2022,2ae19629-3f16-13a3-e055-000000000001,CASTLEBAR,13150402,Y,2ae19629-1493-13a3-e055-000000000001,MAYO COUNTY COUNCIL,MO,MAYO,Maigh Eo,Connacht,IE042,West,IE04,Northern and Western,IE0,Ireland,32080
2ae19629-3f56-13a3-e055-000000000001,13260420,BALLYMUN-FINGLAS,CSO LEA-2022,2ae19629-3f56-13a3-e055-000000000001,BALLYMUN-FINGLAS,13260420,Y,2ae19629-1433-13a3-e055-000000000001,DUBLIN CITY COUNCIL,DC,DUBLIN,Baile Átha Cliath,Leinster,IE061,Dublin,IE06,Eastern and Midland,IE0,Ireland,56305
bb88684e-1db0-4eb4-8ac0-170ecc746e9d,1380406,LEIXLIP,CSO LEA-2022,bb88684e-1db0-4eb4-8ac0-170ecc746e9d,LEIXLIP,1380406,N,2ae19629-14a7-13a3-e055-000000000001,KILDARE COUNTY COUNCIL,KE,KILDARE,Cill Dara,Leinster,IE062,Mid-East,IE06,Eastern and Midland,IE0,Ireland,16755
e5d7e4fc-3093-4c47-8c53-004e059643f7,13260402,BLANCHARDSTOWN-MULHUDDART,CSO LEA-2022,e5d7e4fc-3093-4c47-8c53-004e059643f7,BLANCHARDSTOWN-MULHUDDART,13260402,N,2ae19629-14a0-13a3-e055-000000000001,FINGAL COUNTY COUNCIL,FL,DUBLIN,Baile Átha Cliath,Leinster,IE061,Dublin,IE06,Eastern and Midland,IE0,Ireland,40022